Source Atom,Target Atom
Join,Move
Join,Rotate
Move,Join
Move,Move
Molecule,Join
Rotate,Join
Move,Join
Rotate,Move
Join,Output
Join,ExtractTag
Join,Molecule
Join,Molecule
Molecule,Join
Join,Move
Rotate,Move
Molecule,Rotate
Move,Join
Move,Join
Molecule,Join
ExtractTag,Export
Move,Join
Input,Molecule
Join,Join
Molecule,Rotate
Molecule,Export
Molecule,Export
Input,Molecule
Molecule,Rotate
Input,Molecule
Rotate,Move
Molecule,Move
Move,Join
Input,Molecule
Input,Molecule
Rotate,Join
Input,Molecule
Input,Molecule
Input,Move
Join,Color
Move,Rotate
Move,Rotate
Move,Join
Color,Output
Rotate,Join
GitHubMolecule,Move
GitHubMolecule,Move
GitHubMolecule,Move
GitHubMolecule,Move
Equation,Move
Constant,Move
Constant,Equation
Constant,Equation
Constant,Equation
Equation,Move
Move,Rotate
Equation,Move
Move,Rotate
Move,Rotate
Move,Rotate
Rotate,Join
Rotate,Join
Rotate,Join
Rotate,Join
Rectangle,Extrude
Extrude,Add BOM Tag
Add BOM Tag,Color
Color,Move
GitHubMolecule,Join
GitHubMolecule,Join
Join,Rotate
Rotate,Move
Molecule,Join
Molecule,Join
Molecule,Move
Molecule,Join
Molecule,Join
Move,Join
Molecule,Move
Move,Join
Rectangle,Extrude
Extrude,Color
Color,Add BOM Tag
GitHubMolecule,Rotate
GitHubMolecule,Rotate
Rotate,Move
Rotate,Move
Move,Join
Rotate,Join
Move,Join
Rectangle,Extrude
Extrude,Color
Color,Move
Move,Add BOM Tag
Rectangle,Extrude
Extrude,Move
Move,Color
Color,Add BOM Tag
Molecule,Join
Molecule,Join
Rectangle,Extrude
Molecule,Add BOM Tag
Molecule,Add BOM Tag
Molecule,Add BOM Tag
Molecule,Add BOM Tag
Add BOM Tag,Move
Add BOM Tag,Rotate
Add BOM Tag,Move
Add BOM Tag,Move
Add BOM Tag,Move
Add BOM Tag,Move
Add BOM Tag,Move
Rotate,Move
Move,Join
Move,Join
Move,Join
Move,Join
Move,Join
Move,Join
Move,Join
Rectangle,Extrude
Extrude,Add BOM Tag
Add BOM Tag,Move
Move,Join
Circle,Extrude
Extrude,Add BOM Tag
Add BOM Tag,Color
Color,Move
GitHubMolecule,Rotate
GitHubMolecule,Rotate
Rotate,Move
Rotate,Move
Move,Join
Molecule,Join
Move,Join
Molecule,Join
Molecule,Join
Molecule,Move
Molecule,Move
Molecule,Rotate
Molecule,Rotate
Constant,Equation
Constant,Move
Constant,Move
Rotate,Move
Rotate,Move
Rotate,Move
Equation,Move
Equation,Move
Move,Join
Move,Join
Move,Join
Move,Join
Move,Join
Join,Move
GitHubMolecule,Rotate
Rotate,Move
Circle,Extrude
GitHubMolecule,Join
GitHubMolecule,Move
Extrude,Move
GitHubMolecule,Rotate
Move,Color
Rotate,Move
Move,Join
Color,Join
Move,Join
Molecule,Move
Molecule,Move
Molecule,Move
Molecule,Move
Move,Join
Move,Join
Move,Join
Move,Join
Molecule,Join
Molecule,Move
Molecule,Join
Move,Join
Molecule,Join
Molecule,Join
Molecule,Join
Move,Join
Circle,Extrude
Circle,Extrude
Extrude,Move
Move,Join
Extrude,Move
Circle,Difference
Difference,Move
Difference,Move
Difference,Move
Difference,Move
Move,Join
Move,Join
Move,Join
Circle,Difference
Extrude,Move
Move,Join
Join,Extrude
Join,Extrude
Move,Join
Extrude,Join
Circle,Extrude
Extrude,Rotate
Circle,Extrude
Extrude,Move
Rotate,Move
Molecule,Join
Move,Join
Move,Color
Rectangle,Extrude
Color,Join
Extrude,Move
Join,Add BOM Tag
Move,Join
Molecule,Join
Circle,Extrude
Extrude,Difference
Difference,Rotate
Rotate,Move
Molecule,Difference
Move,Union
Union,Color
Molecule,Union
Color,Output
Constant,Rectangle
Constant,Equation
Input,Rectangle
Rectangle,Move
Input,Equation
Equation,Move
Input,Rectangle
Input,Molecule
Input,Rectangle
Input,Molecule
Input,Equation
Input,Extrude
Molecule,Join
Rectangle,Join
Equation,Move
Join,Difference
Circle,Move
Move,Difference
Difference,Extrude
Extrude,Add BOM Tag
Input,Equation
Input,Equation
Input,GitHubMolecule
Input,Rectangle
Input,Equation
Input,Equation
Input,GitHubMolecule
Input,Equation
Input,Equation
Equation,Move
Rectangle,Extrude
Extrude,Move
Equation,Move
Move,GitHubMolecule
GitHubMolecule,Rotate
Rotate,Move
Equation,Move
Equation,Move
Input,Equation
Input,Equation
Input,Rectangle
Input,Rectangle
Input,Equation
Input,Equation
Constant,Rectangle
Constant,Equation
Input,Equation
Rectangle,Extrude
Constant,Equation
Constant,Extrude
Constant,Equation
Input,Equation
Rectangle,Extrude
Equation,Move
Extrude,Join
Equation,Extrude
Equation,Equation
Extrude,Move
Equation,Move
Equation,Move
Move,Join
Join,Rotate
Equation,Move
Rotate,Move
Input,Equation
Input,Equation
Input,Rectangle
Input,Equation
Input,Rectangle
Input,Equation
Input,Equation
Equation,Move
Equation,Move
Rectangle,Extrude
Equation,Move
Extrude,Move
Input,Equation
Circle,Rotate
Rotate,Extrude
Equation,Move
Extrude,Move
Input,Equation
Input,GitHubMolecule
Input,Molecule
Input,Equation
Input,Equation
Input,GitHubMolecule
Constant,Equation
Input,Equation
Input,Equation
Input,GitHubMolecule
Equation,GitHubMolecule
Molecule,Difference
GitHubMolecule,Rotate
Equation,Move
Rotate,Move
Move,Difference
Input,Equation
Input,Molecule
Input,Molecule
Input,GitHubMolecule
Input,Molecule
Equation,Equation
Equation,Molecule
Equation,GitHubMolecule
Equation,Molecule
Input,Molecule
Input,Molecule
Input,GitHubMolecule
Input,Molecule
Input,Equation
Input,Molecule
Input,Molecule
Molecule,Join
Molecule,Join
Molecule,Join
Join,GitHubMolecule
GitHubMolecule,Rotate
Equation,Move
Equation,Move
Rotate,Move
Input,Equation
Input,Equation
Input,Extrude
Input,Equation
Input,Equation
Input,Rectangle
Input,Equation
Input,Rectangle
Rectangle,Extrude
Extrude,Move
Equation,Move
Equation,Move
Equation,Move
Input,GitHubMolecule
Input,Equation
Input,Equation
Input,Equation
Input,Molecule
Input,GitHubMolecule
Input,GitHubMolecule
Input,Rectangle
Input,Equation
Input,Equation
Input,Rectangle
Input,Equation
Input,Molecule
Input,GitHubMolecule
Constant,GitHubMolecule
Constant,Extrude
Constant,Equation
Input,Equation
Equation,Extrude
Input,Equation
Input,Equation
Input,Equation
Rectangle,Extrude
Rectangle,Extrude
Molecule,Join
Equation,Move
Equation,Move
Equation,Move
Extrude,Move
Extrude,Move
Equation,Move
Move,Join
Move,Join
Join,GitHubMolecule
Equation,Move
GitHubMolecule,Rotate
Equation,Move
Rotate,Move
Input,Equation
Input,GitHubMolecule
Input,GitHubMolecule
Input,GitHubMolecule
Input,GitHubMolecule
Equation,Move
GitHubMolecule,Rotate
Rotate,Move
Input,Molecule
Input,Molecule
Input,Molecule
Input,Molecule
Input,Molecule
Input,Molecule
Input,Molecule
Input,Molecule
Input,Molecule
Input,Molecule
Input,Molecule
Input,Molecule
Input,Molecule
Input,Molecule
Input,Molecule
Input,Molecule
Molecule,Join
Molecule,Join
Molecule,Join
Molecule,Join
Input,Equation
Input,Equation
Input,Equation
Input,Equation
GitHubMolecule,Move
Equation,Move
Equation,Move
Input,Equation
Input,Equation
Input,Equation
Input,Equation
Equation,GitHubMolecule
Equation,Equation
GitHubMolecule,Rotate
Equation,Move
Rotate,Move
Equation,Move
Input,Extrude
Input,Circle
Input,Equation
Input,Equation
Equation,Circle
Circle,Difference
Circle,Difference
Difference,Extrude
Constant,Molecule
Constant,Molecule
Constant,Molecule
Constant,Molecule
Constant,Equation
Constant,Molecule
Constant,Molecule
Constant,Molecule
Constant,Molecule
Constant,Molecule
Constant,Molecule
Constant,Molecule
Constant,Molecule
Constant,Molecule
Constant,Molecule
Constant,Molecule
Constant,Molecule
Constant,Molecule
Constant,Equation
Constant,Molecule
Constant,Equation
Molecule,Tag
Molecule,Tag
Molecule,Join
Molecule,Join
Equation,Move
Molecule,Tag
Tag,Join
Tag,Join
Join,Move
Tag,Join
Move,Join
ExtractTag,GitHubMolecule
Join,ExtractTag
GitHubMolecule,Svg
RegularPolygon,Difference
Extrude,Add BOM Tag
Difference,Extrude
Circle,Difference
Circle,Difference
Circle,Difference
Difference,Extrude
Input,Extrude
GitHubMolecule,Rotate
GitHubMolecule,Rotate
Rotate,Move
Input,Move
Input,Move
Rotate,Move
Move,Join
Move,Join
Constant,Molecule
Constant,Molecule
Molecule,Join
Molecule,Join
Circle,Difference
Circle,Difference
Difference,Extrude
Extrude,Add BOM Tag
Add BOM Tag,Color
Input,Extrude
Color,Join
Circle,Color
Extrude,Rotate
Join,Extrude
Rotate,Rotate
Rotate,Move
Molecule,Join
Move,Join
Rotate,Move
Join,Molecule
Input,Rotate
Move,Join
Circle,Color
Color,Extrude
Extrude,Move
Move,Join
Molecule,Add BOM Tag
Rectangle,Extrude
Constant,GitHubMolecule
Constant,Rectangle
Constant,Move
Constant,Extrude
Rectangle,Extrude
GitHubMolecule,Rotate
Extrude,Tag
Extrude,Tag
Rotate,Move
Tag,Join
Tag,Join
Move,Join
Join,CutLayout
Molecule,Color
Molecule,Union
Molecule,Union
Molecule,Union
Molecule,GitHubMolecule
Input,GitHubMolecule
GitHubMolecule,Output
Rectangle,Difference
Difference,Extrude
Extrude,Color
Color,Output
Circle,Difference
Molecule,Molecule
Molecule,Group
Group,Join
ExtractTag,Stl
Join,ExtractTag
Join,Group
Join,ExtractTag
Join,Join
Group,Join
ExtractTag,Group
Move,Join
Move,Group
Molecule,Move
Join,ExtractTag
Join,Join
Molecule,Move
Circle,Output
Move,Join
ExtractTag,Stl
ExtractTag,Group
Rotate,Move
Molecule,Rotate
Molecule,Rotate
Move,Join
Join,ExtractTag
Join,Output
ExtractTag,Stl
Molecule,Join
Move,Join
Rotate,Move
Molecule,Join
Join,ExtractTag
ExtractTag,Stl
Circle,Extrude
Circle,Extrude
Extrude,Join
Extrude,Join
Join,Output
Molecule,Join
Join,Molecule
Join,Molecule
Join,ExtractTag
Join,ExtractTag
Join,ExtractTag
Join,Molecule
Molecule,Join
ExtractTag,Svg
ExtractTag,Stl
Molecule,Join
ExtractTag,Stl
Molecule,Svg
Circle,Move
Move,ShrinkWrap
Circle,ShrinkWrap
ShrinkWrap,Join
Rectangle,Extrude
Extrude,Join
Join,Add BOM Tag
Circle,Extrude
Extrude,Join
Molecule,Union
Molecule,Group
Molecule,ExtractTag
Union,Join
Molecule,Union
ExtractTag,Join
Molecule,Union
Join,Group
Join,ExtractTag
Join,Molecule
Union,Join
Molecule,Molecule
Molecule,Union
Circle,Output
ExtractTag,Stl
Input,Extrude
Color,Join
Circle,Color
Extrude,Rotate
Join,Extrude
Rotate,Rotate
Rotate,Move
Molecule,Join
Move,Join
Rotate,Move
Join,Molecule
Input,Rotate
Move,Join
Circle,Color
Color,Extrude
Extrude,Move
Move,Join
Molecule,Add BOM Tag
Input,Equation
Equation,Move
Input,Equation
Equation,Rectangle
Rectangle,Move
Circle,Move
Circle,Move
Move,ShrinkWrap
Equation,Move
Move,ShrinkWrap
ShrinkWrap,Move
Input,Rectangle
Input,Equation
Input,Equation
Input,Molecule
Input,Molecule
Input,Rectangle
Input,Equation
Input,Molecule
Input,Equation
Input,Extrude
Input,Molecule
Equation,Rectangle
Equation,Move
Equation,Move
Rectangle,Join
Molecule,Join
Molecule,Difference
Rectangle,Move
Rectangle,Move
Move,Join
Move,Join
Join,Difference
Difference,Extrude
Extrude,Tag
Input,Molecule
Input,Equation
Input,Equation
Input,Molecule
Input,Equation
Input,Equation
Input,Equation
Input,Equation
Input,Equation
Molecule,Rotate
Equation,Molecule
Equation,Move
Equation,Move
Equation,Move
Equation,Move
Rotate,Move
Rotate,Move
Move,Join
Move,Join
Input,Extrude
Input,Equation
Input,Rectangle
Input,Rectangle
Input,Equation
Input,Equation
Rectangle,Extrude
Extrude,Rotate
Equation,Move
Rotate,Tag
Equation,Move
Tag,Move
Tag,Move
Move,Join
Move,Join
Input,Rectangle
Input,Equation
Input,Equation
Input,Rectangle
Input,Equation
Input,Equation
Input,Extrude
Equation,Rectangle
Equation,Move
Equation,Move
Rectangle,Join
Rectangle,Move
Rectangle,Move
Rectangle,Join
Move,Join
Move,Join
Join,Extrude
Extrude,Tag
Input,Molecule
Input,Molecule
Input,Molecule
Input,Equation
Input,Equation
Molecule,Move
Molecule,Move
Input,Equation
Equation,Move
Equation,Move
Move,Join
Move,Join
Input,Molecule
Input,Molecule
Input,Molecule
Input,Equation
Input,Molecule
Input,Molecule
Input,Molecule
Input,Molecule
Input,Molecule
Input,Molecule
Input,Molecule
Input,Molecule
Input,Molecule
Molecule,Join
Molecule,Move
Input,Molecule
Input,Molecule
Molecule,Join
Molecule,Difference
Molecule,Join
Move,Difference
Join,CutLayout
Join,Move
Equation,Move
CutLayout,OverCutCorners
OverCutCorners,Svg
Input,Equation
Equation,Circle
Circle,Extrude
Equation,Move
Extrude,Difference
Move,Difference
Input,Equation
Extrude,Move
Rectangle,Extrude
Difference,Output
Molecule,Join
Join,Output
Join,Rotate
Constant,Molecule
Rotate,ExtractTag
Move,Join
ExtractTag,Code
Molecule,Move
Code,Equation
Equation,GeneticAlgorithm
Circle,Output
Constant,Molecule
Constant,Molecule
Constant,Molecule
Constant,Molecule
Constant,Molecule
Constant,Molecule
Molecule,Join
Molecule,Join
Molecule,Join
Join,Output
Input,Equation
Circle,Move
Circle,Move
Equation,Move
Rectangle,Move
Move,Join
Move,Join
Move,Join
Join,Extrude
Extrude,Move
Move,Color
RegularPolygon,Extrude
Extrude,Add BOM Tag
Circle,Difference
Circle,Join
Rectangle,Move
Move,Join
Join,Difference
Difference,Extrude
Extrude,Rotate
Rotate,Move
Circle,Extrude
Rectangle,Extrude
Circle,Extrude
Extrude,Join
Extrude,Join
Extrude,Join
Join,Move
Move,Add BOM Tag
Input,Equation
Input,Molecule
Equation,Move
Equation,Equation
Molecule,Rotate
Molecule,Rotate
Molecule,Rotate
Molecule,Join
Rotate,Move
Equation,Move
Rotate,Move
Move,Join
Move,Join
Molecule,Join
Rotate,Join
Extrude,Join
Circle,Extrude
Extrude,Join
Join,Add BOM Tag
Circle,Extrude
Extrude,Union
Circle,Extrude
Extrude,Union
Union,Difference
Circle,Extrude
Rotate,Group
Difference,Add-BOM-Tag
Add-BOM-Tag,Color
Group,Difference
Move,Rotate
Move,Rotate
Move,Group
Extrude,Move
Circle,Extrude
Color,Output
Rotate,Group
RegularPolygon,Extrude
Extrude,Color
Color,Add-BOM-Tag
Add-BOM-Tag,Output
Molecule,Move
Molecule,Join
Move,Join
Join,Output
Join,ExtractTag
Molecule,Join
ExtractTag,Stl
GitHubMolecule,Difference
Molecule,Molecule
Molecule,Molecule
Extrude,Stl
Difference,Extrude
Molecule,Output
Molecule,Molecule
Molecule,Stl
Circle,Difference
Molecule,Output
Molecule,Stl
Molecule,Stl
Rectangle,Extrude
Circle,Extrude
Extrude,Rotate
Rotate,Move
Extrude,Difference
Move,Difference
Difference,Color
Rectangle,Extrude
Extrude,Color
Color,Move
Color,Move
Move,Join
Move,Join
Molecule,Join
Molecule,Join
Join,Add BOM Tag
Circle,Join
Rectangle,Move
Move,Join
GitHubMolecule,Join
Circle,Extrude
Extrude,Color
Color,Join
GitHubMolecule,GitHubMolecule
Molecule,Difference
GitHubMolecule,Difference
Difference,Extrude
Extrude,Add BOM Tag
Molecule,Move
Add BOM Tag,Tag
Move,Join
Tag,Join
Molecule,Move
Join,ExtractTag
ExtractTag,Stl
Move,Join
Molecule,Join
Join,Tag
Input,Molecule
Input,Molecule
Molecule,Join
Tag,Join
Join,ExtractTag
Rectangle,Output
GitHubMolecule,Join
ExtractTag,Stl
Molecule,Color
Circle,Extrude
Circle,Extrude
Color,Move
Extrude,Color
Color,Difference
Extrude,Color
Move,Union
Rectangle,Extrude
Extrude,Move
Color,Union
Move,Difference
Difference,Union
Union,Output
Circle,Difference
Circle,Difference
Difference,Extrude
Extrude,Add BOM Tag
Molecule,Union
Union,Output
Molecule,Union
Move,Join
Rectangle,Move
Join,Difference
Rectangle,Join
Difference,Extrude
Rectangle,Difference
Input,Extrude
Extrude,Code
Code,Output
Extrude,Union
Circle,Extrude
Union,Color
Extrude,Union
Circle,Extrude
Color,Output
Circle,Extrude
Extrude,Join
Join,Rotate
Rotate,Join
Molecule,Join
Join,Color
Molecule,Join
Color,Output
Rectangle,Extrude
Rectangle,Extrude
Extrude,Color
Color,Move
Color,Join
Move,Move
Move,Join
Move,Join
Move,Move
Move,Move
Move,Join
Move,Move
Move,Join
Move,Move
Move,Join
Move,Move
Move,Join
Move,Join
Move,Move
Move,Join
Move,Move
Move,Move
Move,Join
Move,Move
Move,Join
Move,Join
Join,Move
Move,Rotate
Molecule,Join
Molecule,Join
Join,Add BOM Tag
Molecule,Move
Molecule,Join
Move,Join
ExtractTag,Svg
GitHubMolecule,Rotate
Rotate,Move
Move,Join
Join,ExtractTag
Join,Output
Input,GitHubMolecule
GitHubMolecule,Move
GitHubMolecule,Move
GitHubMolecule,Rotate
Move,Join
Move,Join
Rotate,Move
Join,Move
Join,Move
Join,Move
Join,Move
Move,Join
Move,Join
Move,Join
Move,Join
Input,Move
GitHubMolecule,Move
Molecule,Join
Move,Rotate
Move,Join
Join,Move
GitHubMolecule,Rotate
Rotate,Move
Rotate,Join
Move,Join
Move,Join
Join,Join
Input,Molecule
Input,Molecule
Molecule,Join
Molecule,Join
Molecule,Molecule
Molecule,Molecule
Molecule,Join
Molecule,Molecule
ExtractTag,Molecule
Molecule,ExtractTag
Molecule,Join
ExtractTag,Stl
Molecule,Join
Molecule,Molecule
Join,ExtractTag
Rectangle,Output
Molecule,Join
Circle,Extrude
Extrude,Difference
Difference,Output
Circle,Extrude
Join,Difference
Extrude,Join
Extrude,Move
Circle,Extrude
Move,Join
Molecule,Join
Molecule,Move
Join,Output
Join,ExtractTag
ExtractTag,Difference
Move,Join
Rectangle,Extrude
Extrude,Move
Difference,Stl
Molecule,Difference
RegularPolygon,Difference
Circle,Difference
Difference,Extrude
Extrude,Color
Color,Add BOM Tag
Rectangle,Extrude
Extrude,Color
Color,Add BOM Tag
Circle,Difference
Circle,Difference
Difference,Extrude
Extrude,Add BOM Tag
Molecule,Difference
Difference,Extrude
Molecule,Difference
Extrude,Color
Color,Output
Circle,Move
Move,ShrinkWrap
Rectangle,ShrinkWrap
ShrinkWrap,Difference
Circle,Move
Move,ShrinkWrap
Difference,Output
Difference,Stl
Rectangle,ShrinkWrap
ShrinkWrap,Difference
Rotate,Move
Rotate,Join
Molecule,Rotate
Move,Join
Equation,Move
Move,Join
Join,Move
Rotate,Move
Molecule,Rotate
Input,Molecule
Input,Molecule
Input,Equation
Input,Molecule
Input,Molecule
Input,Molecule
Molecule,Join
Move,Output
Move,Join
Molecule,Move
Molecule,Join
Rectangle,Extrude
Input,Rectangle
Input,Equation
Extrude,Group
Input,Rectangle
Input,Equation
Input,Equation
Input,Equation
Equation,Move
Equation,Rectangle
Equation,Move
Input,Extrude
Input,Equation
Input,Extrude
Rectangle,Extrude
Equation,Rectangle
Move,Group
Group,Output
Extrude,Move
Extrude,Move
Move,Group
Molecule,Move
Molecule,Stl
Molecule,Move
Molecule,Stl
Move,Group
Move,Group
Molecule,Group
Molecule,Stl
Group,Output
Move,Group
Molecule,Move
Molecule,Stl
Input,GitHubMolecule
Input,RegularPolygon
Input,Equation
Input,Equation
RegularPolygon,GitHubMolecule
GitHubMolecule,Rotate
Rotate,Move
Rotate,Group
Input,Equation
Input,Equation
Equation,GitHubMolecule
Equation,Equation
Equation,Move
Equation,Move
Equation,Equation
Move,Group
Group,GitHubMolecule
Equation,GitHubMolecule
Input,GitHubMolecule
GitHubMolecule,Output
Color,Extrude
Extrude,Group
Circle,Color
Rotate,Group
Move,Group
Move,Rotate
Move,Rotate
Move,Rotate
Rotate,Group
Group,Output
Group,Rotate
Rotate,Group
Molecule,Group
Molecule,Move
Rotate,Difference
Rotate,Group
Group,Move
Molecule,Group
Move,Difference
Move,Group
Difference,Stl
Molecule,Join
Molecule,Move
Move,Join
Move,Join
Move,Join
Join,Difference
Molecule,Move
Move,Join
Move,Join
Move,Join
Move,Join
Difference,Svg
Difference,Output
Molecule,Move
Move,Difference
Molecule,Move
Molecule,Move
Rectangle,Move
Molecule,Move
Molecule,Move
Molecule,Join
Move,Group
Molecule,Move
Molecule,Move
Join,ExtractTag
Join,Output
Group,Rotate
Move,Group
Rotate,Join
ExtractTag,Stl
Circle,Extrude
Extrude,Group
Extrude,Move
Circle,Extrude
Group,Color
Move,Group
Color,Add-BOM-Tag
Extrude,Group
Circle,Extrude
Add-BOM-Tag,Output
Molecule,Join
Molecule,Join
Molecule,Join
Input,Molecule
Molecule,Rotate
Molecule,Group
Group,Output
Input,Equation
Rotate,Group
Equation,Rotate
GitHubMolecule,Join
Move,Join
GitHubMolecule,Rotate
Rotate,Move
GitHubMolecule,Move
Move,Join
RegularPolygon,Difference
Circle,Difference
Difference,Extrude
Extrude,Add BOM Tag
Input,Extrude
Circle,Extrude
Rectangle,Extrude
Rectangle,Difference
Circle,Difference
Difference,Extrude
Extrude,Color
Color,Add BOM Tag
Circle,Difference
Circle,Difference
Difference,Extrude
Extrude,Add BOM Tag
Add BOM Tag,Color
GitHubMolecule,Rotate
Molecule,Rotate
Molecule,Rotate
Rotate,Move
Rotate,Join
Molecule,Move
Move,Join
Move,Join
Rectangle,Move
Rectangle,Move
Move,Join
Circle,Move
Circle,Move
Move,Join
Move,Join
Move,Join
Join,Extrude
Input,Equation
Input,Circle
Circle,Join
Rectangle,Move
Equation,Circle
Rectangle,Move
Move,Join
Circle,Move
Circle,Move
Circle,Move
Join,Difference
Move,ShrinkWrap
Move,ShrinkWrap
Move,ShrinkWrap
Circle,ShrinkWrap
Circle,ShrinkWrap
ShrinkWrap,Join
ShrinkWrap,Join
Move,Join
Join,Difference
Difference,Extrude
Extrude,Add BOM Tag
Input,Equation
Constant,Molecule
Molecule,Move
Molecule,Move
Molecule,Join
Move,Join
Move,Join
Join,Move
Join,Join
Move,Join
Join,Move
Equation,Move
Rectangle,Move
Rectangle,Move
Move,ShrinkWrap
Circle,ShrinkWrap
Circle,Extrude
Move,ShrinkWrap
ShrinkWrap,Extrude
Extrude,Join
Circle,Move
Circle,Move
Extrude,Join
Move,Join
Move,Join
Join,Difference
Circle,Join
Join,Extrude
Difference,Add BOM Tag
Extrude,Difference
GitHubMolecule,Rotate
Circle,Extrude
GitHubMolecule,Move
Extrude,Color
Rotate,Join
Color,Join
Move,Join
Join,Move
Move,Join
Join,Move
Join,Move
Move,Join
Move,Join
Molecule,Join
Molecule,Join
Circle,Extrude
Extrude,Add BOM Tag
Add BOM Tag,Color
GitHubMolecule,Move
GitHubMolecule,Rotate
GitHubMolecule,Move
Move,Join
Rotate,Join
Rotate,Join
GitHubMolecule,Move
Move,Join
Move,Join
Join,Move
Join,Move
Join,Move
Move,Join
Join,Move
Move,Join
Move,Join
Move,Join
Circle,Extrude
Circle,Extrude
Circle,Join
Circle,Move
Extrude,Join
Extrude,Join
Move,Join
Move,Rotate
Move,Rotate
Move,Rotate
Rotate,Join
Rotate,Join
Join,Difference
Join,Extrude
Rotate,Join
Extrude,Difference
Difference,Add BOM Tag
Molecule,Rotate
Molecule,Join
Molecule,Join
Molecule,Join
Join,Move
Rotate,Join
Move,Join
Join,Move
Join,Rotate
Rotate,Move
Move,Join
Move,Join
Circle,Extrude
Extrude,Add BOM Tag
Add BOM Tag,Move
GitHubMolecule,Rotate
Rotate,Move
GitHubMolecule,Move
Circle,Extrude
Move,Join
Move,Join
Extrude,Color
Color,Join
Join,Move
Move,Join
Move,Move
Move,Move
Move,Join
Move,Join
Move,Move
Move,Join
GitHubMolecule,Rotate
Molecule,Join
Rotate,Move
Move,Join
Circle,Extrude
Extrude,Move
Move,Add BOM Tag
Circle,Extrude
Circle,Extrude
Circle,Move
Extrude,Join
Extrude,Join
Move,Rotate
Move,Rotate
Move,Rotate
Move,Join
Join,Difference
Rotate,Join
Circle,Join
Rotate,Join
Rotate,Join
Join,Extrude
Extrude,Difference
Difference,Add BOM Tag
GitHubMolecule,Rotate
GitHubMolecule,Move
Rotate,Move
Move,Join
Move,Join
GitHubMolecule,Move
GitHubMolecule,Move
GitHubMolecule,Rotate
Move,Join
Move,Join
Rotate,Move
Move,Join
Molecule,Move
Molecule,Move
Molecule,Move
Molecule,Move
Move,Join
Move,Join
Move,Join
Move,Join
Molecule,Join
Molecule,Join
Molecule,Join
Molecule,Join
Molecule,Join
Join,Move
Move,Join
Join,Move
GitHubMolecule,Move
Input,Move
Constant,Molecule
Constant,Molecule
Molecule,Join
Molecule,Join
Molecule,Join
Molecule,Join
Circle,Extrude
Input,Extrude
Input,Extrude
Input,Move
Extrude,Move
Extrude,Move
Move,Join
Move,Join
Equation,Move
Constant,Extrude
Constant,Equation
Constant,Molecule
Extrude,Join
Color,Tag
Extrude,Color
Tag,Join
Color,Join
Circle,Extrude
Circle,Extrude
Join,Output
Molecule,Join
Molecule,Group
Group,Output
Molecule,Group
Molecule,Difference
Molecule,Join
Difference,Group
Rectangle,Move
Move,Extrude
Join,ExtractTag
Join,Group
Molecule,Difference
Extrude,Difference
Group,Join
ExtractTag,Stl
ExtractTag,Rotate
Group,Output
Group,Difference
Rotate,Move
Move,Group
RegularPolygon,Difference
Extrude,Color
Difference,Extrude
Color,Add BOM Tag
Circle,Difference
GitHubMolecule,Move
GitHubMolecule,Move
GitHubMolecule,Move
GitHubMolecule,Move
Move,Join
Move,Join
Move,Join
Move,Join
Rectangle,Extrude
Code,Code
Molecule,Join
Extrude,Color
Color,Add BOM Tag
Join,Code
Add BOM Tag,Join
Molecule,Color
Circle,Move
Circle,Move
Move,Join
Circle,Join
Move,Join
Rectangle,Move
Rectangle,Move
Move,ShrinkWrap
Circle,ShrinkWrap
Circle,Difference
Move,ShrinkWrap
Molecule,Difference
Molecule,Difference
ShrinkWrap,Difference
Difference,Extrude
Difference,Extrude
Extrude,Join
Extrude,Join
Join,Add BOM Tag
Move,Rotate
Molecule,Move
Molecule,Difference
Rotate,Join
Molecule,Join
Difference,Join
Difference,Move
Molecule,Difference
Join,Molecule
Move,Join
Molecule,Join
Circle,Difference
Circle,Difference
Difference,Extrude
Extrude,Color
Color,Add BOM Tag
Circle,Extrude
Extrude,Join
Join,Color
Circle,Extrude
Extrude,Move
Color,Add BOM Tag
Move,Join
Molecule,Output
Molecule,Molecule
Molecule,Output
GitHubMolecule,Difference
GitHubMolecule,Difference
Difference,Stl
Difference,Join
Move,Difference
Extrude,Move
Extrude,Difference
Rectangle,Extrude
Rectangle,Extrude
Join,ExtractTag
Difference,Stl
ExtractTag,Stl
Move,Join
Extrude,Stl
Extrude,Tag
GitHubMolecule,Move
Molecule,Molecule
Molecule,Molecule
Molecule,Molecule
Molecule,Molecule
Molecule,Molecule
Molecule,Molecule
Molecule,Molecule
Molecule,Molecule
Circle,Difference
Move,GitHubMolecule
Difference,Extrude
Tag,Move
Circle,Difference
GitHubMolecule,Output
GitHubMolecule,Stl
GitHubMolecule,Molecule
Molecule,Molecule
Rectangle,Extrude
Extrude,Difference
Move,Group
GitHubMolecule,Move
Group,Difference
Difference,Output
Difference,Stl
Circle,Extrude
Extrude,Group
Circle,Extrude
Extrude,Group
RegularPolygon,Extrude
Extrude,Join
Join,Color
Extrude,Join
Color,Output
Circle,Extrude
RegularPolygon,Difference
Circle,Difference
Difference,Extrude
Extrude,Add BOM Tag
Circle,Extrude
Circle,Extrude
Extrude,Join
Extrude,Move
Move,Join
Join,Color
Color,Add BOM Tag
Rectangle,ShrinkWrap
Circle,Move
Move,Rotate
Rotate,ShrinkWrap
Circle,Join
Move,Rotate
Rectangle,Move
Rotate,Join
Molecule,Difference
Rotate,Extrude
Extrude,Tag
Molecule,Difference
Difference,Rotate
GitHubMolecule,Move
Move,Join
GitHubMolecule,Move
Move,Join
GitHubMolecule,Join
Circle,Extrude
Extrude,Color
Color,Join
Input,Join
Extrude,Move
Circle,Extrude
Move,Color
Color,Join
Molecule,Join
Join,Move
Move,Rotate
Move,Rotate
Move,Join
Rotate,Join
Rotate,Molecule
Rotate,Join
Move,Rotate
Molecule,Rotate
Rotate,Join
Molecule,Move
Rotate,Join
GitHubMolecule,Join
Circle,Extrude
Extrude,Color
Color,Join
Join,Move
Molecule,Join
Join,ExtractTag
Molecule,Join
ExtractTag,Svg
ExtractTag,GitHubMolecule
Molecule,Join
Circle,ShrinkWrap
ShrinkWrap,Group
Move,ShrinkWrap
Group,Difference
Circle,Move
Extrude,Group
Circle,Move
Difference,Output
Difference,Stl
Difference,Molecule
Move,Extrude
Circle,Extrude
Extrude,Difference
Molecule,Stl
Circle,Extrude
Extrude,Color
Color,Output
Rectangle,Extrude
Rectangle,Extrude
Extrude,Move
Extrude,Move
Move,Difference
Move,Difference
Difference,Color
Rectangle,Extrude
Extrude,Color
Color,Move
Color,Move
Move,Move
Move,Join
Move,Move
Move,Join
Move,Move
Move,Join
Move,Move
Move,Join
Move,Move
Move,Join
Move,Move
Move,Join
Move,Join
Move,Join
Join,Move
Molecule,Join
Molecule,Join
Join,Add BOM Tag
Circle,Extrude
Circle,Extrude
Circle,Extrude
Circle,Extrude
Extrude,Color
Extrude,Join
Extrude,Join
Extrude,Color
Color,Join
Color,Join
Join,Add BOM Tag
Molecule,Join
Molecule,Move
Join,Output
Move,Join
Molecule,Join
Input,Code
Code,Output
Input,Code
Circle,Move
Circle,Move
Circle,Move
Circle,Move
Circle,Extrude
Extrude,Union
Circle,Extrude
Union,Output
Extrude,Union
Extrude,Color
Rectangle,Extrude
Color,Difference
Extrude,Move
Difference,Add BOM Tag
Move,Difference
Rectangle,Extrude
GitHubMolecule,Rotate
GitHubMolecule,Join
Rotate,Move
Move,Join
Input,Extrude
Input,Equation
Input,Equation
Input,Rectangle
Input,Equation
Rectangle,Extrude
Input,Rectangle
Input,Equation
Input,Equation
Equation,Move
Equation,Move
Extrude,Move
Equation,Move
Constant,Molecule
Constant,GitHubMolecule
Constant,GitHubMolecule
Constant,GitHubMolecule
Constant,GitHubMolecule
Molecule,GitHubMolecule
Molecule,GitHubMolecule
Molecule,GitHubMolecule
Molecule,GitHubMolecule
Constant,GitHubMolecule
Constant,GitHubMolecule
Constant,GitHubMolecule
Constant,GitHubMolecule
Constant,GitHubMolecule
Constant,GitHubMolecule
Constant,GitHubMolecule
Constant,GitHubMolecule
GitHubMolecule,Rotate
GitHubMolecule,Rotate
GitHubMolecule,Move
GitHubMolecule,Move
Rotate,Move
Rotate,Move
Move,Join
Move,Join
Move,Join
Move,Join
Rectangle,Extrude
Extrude,Move
GitHubMolecule,Join
GitHubMolecule,CutAway
Molecule,Join
Molecule,Join
Molecule,Join
Molecule,Join
CutAway,Join
Join,Add BOM Tag
Join,GitHubMolecule
Join,Move
GitHubMolecule,Svg
Circle,Extrude
Circle,Extrude
Extrude,Difference
Extrude,Difference
Difference,Color
Color,Add BOM Tag
Circle,Move
Move,Join
Move,Rotate
Move,Rotate
Move,Rotate
Rotate,Join
Rotate,Join
Rotate,Join
Circle,Join
Circle,Difference
Difference,Extrude
Molecule,Difference
Molecule,Difference
Extrude,Join
Difference,Extrude
Join,Add BOM Tag
Extrude,Join
Circle,Difference
Color,Join
Circle,Extrude
Extrude,Color
Input,Equation
Equation,Rotate
Move,Rotate
Rotate,ExtractTag
Rotate,ExtractTag
ExtractTag,Difference
Molecule,ExtractTag
Molecule,ExtractTag
Molecule,Move
ExtractTag,Difference
ExtractTag,Difference
Difference,Join
Join,Output
Join,Stl
ExtractTag,Difference
Difference,Join
Input,Extrude
Extrude,Output
Extrude,Stl
Extrude,Join
Circle,Difference
Difference,Extrude
Circle,Difference
Move,Join
GitHubMolecule,Move
Molecule,Molecule
Molecule,Group
Input,Molecule
Group,Add-BOM-Tag
Add-BOM-Tag,Output
Circle,Extrude
Extrude,Join
Join,Color
Extrude,Join
Circle,Extrude
Color,Add BOM Tag
Circle,Difference
Difference,Extrude
Extrude,Add BOM Tag
Circle,Difference
Join,Move
Join,Rotate
Move,Join
Move,Move
Molecule,Join
Rotate,Join
Move,Join
Rotate,Move
Join,Output
Join,ExtractTag
Join,Molecule
Join,Molecule
Molecule,Join
Join,Move
Rotate,Move
Molecule,Rotate
Move,Join
Move,Join
Molecule,Join
ExtractTag,Export
Move,Join
Input,Molecule
Join,Join
Molecule,Rotate
Molecule,Export
Molecule,Export
